Buurt,Code,Buurt_cbs,Regioaanduiding|Codering,Aantal inwoners,Westers,Niet-westers,Marokko,Nederlandse Antillen en Aruba ,Suriname,Turkije,Overig,Huishoudens,Eenpersoonshuishoudens,Zonder kinderen,Met kinderen,Aantal Flyers,Bijstand ,AO,WW,AOW
Amsterdamse Bos,1,Amsterdamse Bos,BU03639004,65,15,10,0,0,0,0,5,30,15,15,10,26,0,0,0,10
Sloterweg e.o.,2,Sloterweg e.o.,BU03638803,265,45,65,5,5,15,15,30,115,40,35,45,98,0,10,0,50
Utrechtsebuurt Zuid,3,Utrechtsebuurt Zuid,BU03630706,1170,335,125,5,10,20,5,85,740,445,190,105,629,20,30,20,180
Westelijke eilanden,4,Westelijke eilanden,BU03630503,2925,725,455,55,20,70,20,295,1805,1100,380,320,1534,80,100,50,460
Leidsebuurt Zuidwest,5,Leidsebuurt Zuidwest,BU03630701,130,60,25,5,0,0,5,20,90,60,20,5,77,0,0,0,10
Science Park Zuid,6,Science Park Zuid,BU03635608,280,35,155,5,5,10,5,140,260,255,10,5,221,90,0,0,10
Den Texbuurt,7,Den Texbuurt,BU03630705,1080,335,125,5,10,15,10,90,610,335,145,125,519,20,20,10,170
Centrumeiland,8,Centrumeiland,BU03635006,0,0,0,0,0,0,0,0,0,0,0,0,0,.,.,.,.
Park de Meer,9,Park de Meer,BU03635605,1610,255,410,95,15,100,40,165,725,265,200,270,616,50,80,30,220
Haveneiland Oost,10,Haveneiland Oost,BU03635101,6095,1030,2160,600,85,410,245,825,2215,615,340,1265,1883,140,230,90,170
Sportpark Voorland,11,Sportpark Voorland,BU03635606,0,0,0,0,0,0,0,0,0,0,0,0,0,.,.,.,.
Steigereiland Noord,12,Steigereiland Noord,BU03633500,1570,315,570,185,15,150,45,180,690,230,180,275,587,40,40,30,60
Haveneiland Zuidwest/Rieteiland West,13,Haveneiland Zuidwest/Rieteiland West,BU03633502,2785,480,620,85,30,180,55,275,990,205,200,580,842,30,40,50,130
Don Bosco,14,Don Bosco,BU03635503,2105,390,385,135,15,65,25,145,1030,465,245,330,876,40,60,30,250
De Eenhoorn,15,De Eenhoorn,BU03635501,2640,610,945,140,25,170,35,575,1635,1320,230,90,1390,40,130,60,50
Strandeiland,16,Strandeiland,BU03635000,0,0,0,0,0,0,0,0,0,0,0,0,0,.,.,.,.
Park Haagseweg,17,Park Haagseweg,BU03638801,985,215,180,20,10,40,15,100,440,130,165,155,374,0,30,30,170
Diamantbuurt,18,Diamantbuurt,BU03632600,3095,565,1165,350,35,210,105,470,1790,1030,330,425,1522,240,180,50,440
Amstelkwartier Noord,19,Amstelkwartier Noord,BU03635806,2435,520,430,35,35,70,40,255,1635,1075,390,180,1390,20,20,50,40
Nintemanterrein,20,Nintemanterrein,BU03637400,120,20,5,0,0,0,0,5,40,5,15,25,34,0,0,0,20
Spiegelbuurt,21,Spiegelbuurt,BU03630300,820,305,140,5,10,10,15,110,500,295,125,75,425,10,10,10,90
Gouden Bocht,22,Gouden Bocht,BU03630301,145,55,15,0,0,5,5,10,90,55,20,10,77,0,0,0,30
Noorder IJplas,23,Noorder IJplas,BU03636604,140,15,10,0,0,0,0,10,65,25,25,25,55,0,10,0,30
Jacques Veldmanbuurt,24,Jacques Veltmanbuurt,BU03638901,3625,755,1705,655,30,155,275,595,2025,1185,400,450,1721,150,110,60,400
Medisch Centrum Slotervaart,25,Medisch Centrum Slotervaart,BU03638903,815,180,310,85,20,40,25,145,650,590,30,35,553,70,20,20,60
Holendrecht Oost,26,Holendrecht Oost,BU03639602,2530,345,1090,40,80,625,15,340,1155,410,340,415,982,60,110,50,640
Veluwebuurt,27,Veluwebuurt,BU03635206,1520,270,290,60,25,75,15,120,895,590,165,150,761,50,80,20,370
Zeeburgereiland Noordoost,28,Zeeburgereiland Noordoost,BU03633406,0,0,0,0,0,0,0,0,0,0,0,0,0,.,.,.,.
RI Oost terrein,29,RI Oost terrein,BU03633405,3835,840,1230,180,55,240,130,625,2175,1140,580,455,1849,120,110,70,150
Haveneiland Noordwest,30,Haveneiland Noordwest,BU03633504,2840,565,1120,245,55,230,95,500,1410,650,315,440,1199,130,90,60,190
Banpleinbuurt,31,Banpleinbuurt,BU03634704,785,210,55,5,5,15,5,35,355,150,105,110,302,0,10,10,180
De Wetbuurt,32,De Wetbuurt,BU03635506,1830,250,360,75,10,85,35,155,880,425,195,270,748,60,60,20,390
Oostpoort,33,Oostpoort,BU03632902,2120,370,640,155,30,160,75,225,965,455,220,290,820,120,90,40,280
Lootsbuurt,34,Lootsbuurt,BU03631902,1905,450,565,130,20,95,65,255,1250,810,255,185,1063,150,100,50,160
Rode Kruisbuurt,35,Rode Kruisbuurt,BU03636900,240,45,35,0,5,10,5,20,90,30,35,35,77,0,20,0,80
Twiske Oost,36,Twiske Oost,BU03636701,1115,110,290,70,10,75,45,95,465,130,135,210,395,20,50,20,200
Loenermark,37,Loenermark,BU03636902,1580,300,580,95,15,100,100,275,905,550,215,150,769,60,70,30,360
De Heining,38,De Heining,BU03631104,25,5,0,0,0,0,0,0,10,5,0,0,9,.,.,.,.
Van der Kunbuurt,39,Van der Kunbuurt,BU03635508,595,95,350,135,10,70,20,120,325,185,60,85,276,50,40,10,70
Amstel III deel A/B Noord,40,Amstel III deel A/B Noord,BU03639201,75,35,35,0,5,0,0,30,60,60,5,5,51,0,0,0,0
Middeneiland Zuidoost,41,Middeneiland Zuidoost,BU03635001,0,0,0,0,0,0,0,0,0,0,0,0,0,.,.,.,.
Frederik Hendrikbuurt Noord,42,Frederik Hendrikbuurt Noord,BU03631600,3850,1035,765,200,30,80,70,380,2370,1395,575,395,2015,180,130,80,400
Zunderdorp,43,Zunderdorp,BU03637307,480,35,20,0,0,5,0,15,190,55,60,80,162,0,30,0,110
Minervabuurt Zuid,44,Minervabuurt Zuid,BU03634905,2655,860,285,5,20,30,30,200,1325,615,320,395,1126,10,20,30,450
Johan Jongkindbuurt,45,Johan Jongkindbuurt,BU03638604,760,55,575,255,10,45,170,100,275,140,20,125,234,80,70,10,110
Kortenaerkwartier,46,Kortenaerkwartier,BU03637500,2215,455,615,205,20,75,105,215,1165,585,275,310,990,100,100,30,180
Vondelparkbuurt Oost,47,Vondelparkbuurt Oost,BU03632200,850,285,130,5,10,15,15,90,490,285,110,95,417,10,10,10,120
Vondelparkbuurt Midden,48,Vondelparkbuurt Midden,BU03632201,915,240,155,35,15,25,15,75,480,275,90,105,408,20,20,10,190
Marathonbuurt Oost,49,Marathonbuurt Oost,BU03634801,1460,270,370,75,10,80,40,175,895,535,165,200,761,100,80,20,250
Architectenbuurt,50,Architectenbuurt,BU03633307,1715,325,540,125,10,140,80,185,1020,550,275,190,867,90,80,40,210
Zuidwestkwadrant Osdorp Noord,51,Zuidwestkwadrant Osdorp Noord,BU03638202,3190,440,2150,850,35,230,605,435,1445,655,310,490,1228,190,190,60,400
Markengouw Zuid,52,Markengouw Zuid,BU03636804,2125,215,1420,345,45,195,370,470,770,285,110,385,655,140,80,40,140
Amstel III deel C/D Noord,53,Amstel III deel C/D Noord,BU03639202,25,10,15,0,0,5,0,10,20,20,5,5,17,.,.,.,.
Zuiderhof,54,Zuiderhof,BU03639009,25,20,5,0,0,0,0,5,20,20,5,5,17,.,.,.,.
Middenmeer Noord,55,Middenmeer Noord,BU03635601,2880,515,330,90,10,65,30,140,1295,510,300,495,1101,30,60,50,340
Linnaeusparkbuurt,56,Linnaeusparkbuurt,BU03635600,2700,565,265,25,20,45,20,165,1350,625,345,390,1148,20,50,40,330
Spuistraat Noord,57,Spuistraat Noord,BU03630103,825,315,140,5,5,20,15,100,575,380,155,40,489,10,10,20,60
Bosleeuw,58,Bosleeuw,BU03633702,5750,975,3020,1200,40,245,920,620,2945,1500,635,810,2503,380,260,100,430
Walvisbuurt,59,Walvisbuurt,BU03636602,1400,175,430,75,15,110,100,135,595,185,145,270,506,20,70,40,140
Amstel III deel A/B Zuid,60,Amstel III deel A/B Zuid,BU03639203,445,70,200,25,15,45,25,90,420,405,20,5,357,10,0,10,0
Zeeheldenbuurt,61,Zeeheldenbuurt,BU03631300,2055,415,715,225,25,155,30,285,1075,590,235,245,914,110,80,40,210
Spaarndammerbuurt Noordoost,62,Spaarndammerbuurt Noordoost,BU03631301,2725,470,1000,245,50,235,100,380,1695,1065,275,345,1441,260,140,60,290
Kop Zuidas,63,Kop Zuidas,BU03635207,610,175,95,10,5,5,20,55,325,130,135,70,276,0,10,10,30
Bedrijventerrein Sloterdijk I,64,Bedrijventerrein Sloterdijk I,BU03633601,85,20,35,5,5,10,5,20,50,45,0,0,43,10,10,0,0
Westhaven Zuid,65,Westhaven Zuid,BU03631007,10,5,5,0,0,5,0,0,5,5,0,0,4,.,.,.,.
VU-kwartier,66,VU-kwartier,BU03632302,115,30,60,0,0,5,5,50,80,60,10,5,68,0,0,0,10
Plan van Gool,67,Plan van Gool,BU03636910,3110,465,1710,370,55,315,200,775,1520,730,310,485,1292,300,110,70,390
Buikslotermeer Noord,68,Buikslotermeer Noord,BU03636912,2495,445,710,105,45,135,70,365,1600,1065,320,220,1360,50,70,40,620
Rijnbuurt Oost,69,Rijnbuurt Oost,BU03635401,2700,530,400,60,35,75,30,205,1660,950,420,295,1411,70,80,50,310
Jacob Geelbuurt,70,Jacob Geelbuurt,BU03638502,3360,430,2265,1025,35,190,550,470,1560,735,250,585,1326,260,160,70,260
Beatrixpark,71,Beatrixpark,BU03635901,0,0,0,0,0,0,0,0,0,0,0,0,0,.,.,.,.
Burgemeester Tellegenbuurt Oost,72,Burgemeester Tellegenbuurt Oost,BU03632601,2825,560,965,275,35,200,125,335,1685,980,340,360,1432,210,180,60,420
Nieuwe Diep/Diemerpark,73,Nieuwe Diep/Diemerpark,BU03633404,65,10,5,5,0,0,0,0,30,15,5,10,26,0,0,0,10
Overtoomse Veld Zuid,74,Overtoomse Veld Zuid,BU03638601,4320,670,2105,1025,60,250,265,510,2355,1335,515,510,2002,180,140,80,290
Buurt 7,75,Buurt 7,BU03637801,2820,385,1700,660,15,100,735,190,1095,395,215,495,931,60,120,40,330
Buurt 8,76,Buurt 8,BU03637802,4245,610,2930,1010,45,270,1085,520,1830,810,340,695,1556,230,230,70,330
Osdorp Midden Noord,77,Osdorp Midden Noord,BU03638200,2825,190,2095,1035,40,185,520,320,1180,580,165,445,1003,220,180,40,510
Sloterdijk II,78,Sloterdijk II,BU03631100,15,5,10,5,0,0,0,5,10,5,0,0,9,.,.,.,.
Petroleumhaven,79,Petroleumhaven,BU03631002,0,0,0,0,0,0,0,0,0,0,0,0,0,.,.,.,.
Alfa-driehoek,80,Alfa-driehoek,BU03631001,0,0,5,0,0,0,0,5,0,0,0,0,0,.,.,.,.
Amerikahaven,81,Amerikahaven,BU03631005,10,5,0,0,0,0,0,0,10,10,0,0,9,.,.,.,.
Afrikahaven,82,Afrikahaven,BU03631006,5,0,0,0,0,0,0,0,0,0,0,0,0,.,.,.,.
Spaarndammerbuurt Noordwest,83,Spaarndammerbuurt Noordwest,BU03631305,1980,345,700,185,25,185,50,260,1135,625,235,270,965,160,100,50,170
Overbraker Binnenpolder,84,Overbraker Binnenpolder,BU03631307,5,5,0,0,0,0,0,0,0,0,0,0,0,.,.,.,.
Bedrijvencentrum Westerkwartier,85,Bedrijvencentrum Westerkwartier,BU03631502,65,10,5,0,0,0,0,5,30,10,5,10,26,0,0,0,0
Marcanti,86,Marcanti,BU03631503,1065,235,330,100,15,55,35,135,630,380,135,115,536,50,50,30,140
Woon- en Groengebied Sloterdijk,87,Woon- en Groengebied Sloterdijk,BU03633600,450,100,45,5,0,5,0,35,255,115,100,40,217,10,0,10,20
Bellamybuurt Zuid,88,Bellamybuurt Zuid,BU03631801,3955,1025,905,190,35,155,115,410,2465,1540,565,355,2095,180,140,100,280
Schinkelbuurt Noord,89,Schinkelbuurt Noord,BU03634500,2425,680,385,55,20,60,35,220,1520,895,415,220,1292,60,80,50,170
Rijnbuurt Midden,90,Rijnbuurt Midden,BU03635402,2205,455,300,55,10,60,20,160,1340,735,400,215,1139,60,60,50,260
Bretten West,91,Bretten West,BU03631109,0,0,0,0,0,0,0,0,0,0,0,0,0,.,.,.,.
Leidsebuurt Noordwest,92,Leidsebuurt Noordwest,BU03630700,255,95,40,0,5,0,5,35,190,130,50,5,162,0,0,0,20
Reigersbos Midden,93,Reigersbos Midden,BU03639605,2495,250,1585,65,100,820,30,575,1325,710,200,425,1126,120,120,60,390
Concertgebouwbuurt,94,Concertgebouwbuurt,BU03634702,1840,590,200,10,15,25,20,135,960,500,220,245,816,10,20,20,290
Vivaldi,95,Vivaldi,BU03632304,980,320,305,5,15,25,30,230,860,790,30,35,731,10,10,10,0
Cornelis Schuytbuurt,96,Cornelis Schuytbuurt,BU03634703,2870,985,285,5,10,25,25,220,1420,670,345,420,1207,10,20,30,410
Buurt 5 Zuid,97,Buurt 5 Zuid,BU03637705,3905,360,2655,1240,25,170,795,430,1745,835,255,660,1483,310,240,60,390
Kolenkitbuurt Noord,98,Kolenkitbuurt Noord,BU03633903,4155,415,3105,1540,30,195,835,505,1785,745,380,660,1517,420,220,70,240
John Franklinbuurt,99,John Franklinbuurt,BU03634100,1945,415,650,210,20,85,120,220,1210,730,260,220,1029,140,100,40,160
Elandsgrachtbuurt,100,Elandsgrachtbuurt,BU03630606,4325,1290,630,90,45,100,60,340,2885,1905,610,370,2452,140,130,70,670
Amstelglorie,101,Amstelglorie,BU03635804,70,15,5,0,0,0,0,5,30,10,10,15,26,0,0,0,10
Vondelparkbuurt West,102,Vondelparkbuurt West,BU03632101,2250,620,305,15,20,70,25,180,1280,725,310,240,1088,20,120,30,260
Bedrijventerrein Landlust,103,Bedrijventerrein Landlust,BU03633700,575,185,135,20,5,20,20,70,390,245,120,25,332,0,10,20,30
Osdorpplein e.o.,104,Osdorpplein e.o.,BU03638102,3270,410,2030,955,30,230,330,490,1470,660,305,515,1250,190,140,60,400
Nieuwe Oosterbegraafplaats,105,Nieuwe Oosterbegraafplaats,BU03635701,5,0,5,0,0,0,0,5,0,5,0,5,0,.,.,.,.
Bedrijvengebied Zeeburgerkade,106,Bedrijvengebied Zeeburgerkade,BU03633310,150,35,10,0,0,5,0,10,90,55,15,15,77,0,0,0,20
Bedrijvengebied Cruquiusweg,107,Bedrijvengebied Cruquiusweg,BU03633309,495,100,130,10,5,20,10,90,290,145,95,45,247,20,0,10,10
Erasmusparkbuurt West,108,Erasmusparkbuurt West,BU03633802,4075,940,1130,310,30,105,305,385,2370,1245,670,450,2015,100,110,90,300
Dapperbuurt Noord,109,Dapperbuurt Noord,BU03632900,4290,755,1705,480,60,345,300,520,2510,1485,535,490,2134,260,220,90,600
Wittenburg,110,Wittenburg,BU03630902,2555,480,910,170,50,275,60,355,1345,790,270,285,1143,110,190,90,310
Buikslotermeerplein,111,Buikslotermeerplein,BU03636909,980,175,305,60,10,80,25,135,570,365,140,75,485,30,40,20,360
Prinses Irenebuurt,112,Prinses Irenebuurt,BU03635900,1340,410,195,15,10,15,20,145,670,335,155,190,570,0,10,10,290
Rieteiland Oost,113,Rieteiland Oost,BU03635100,340,55,40,0,5,5,5,25,95,10,15,80,81,0,0,10,10
Haarlemmerbuurt West,114,Haarlemmerbuurt West,BU03630502,2465,650,455,70,20,90,30,240,1500,905,330,260,1275,110,110,40,380
Van Tuyllbuurt,115,Van Tuyllbuurt,BU03634805,4230,1055,680,70,45,90,90,385,2425,1245,650,535,2061,90,100,80,460
Kazernebuurt,116,Kazernebuurt,BU03630907,955,190,200,40,10,50,20,90,625,410,120,90,531,50,80,10,170
Noordwestkwadrant Indische buurt Zuid,117,Noordwestkwadrant Indische buurt Zuid,BU03633101,4640,860,1835,680,60,310,275,515,2670,1485,665,510,2270,260,160,110,350
Ecowijk,118,Ecowijk,BU03631500,1315,255,305,105,10,50,20,125,625,265,115,240,531,50,40,40,110
Markthallen,119,Markthallen,BU03631501,10,5,0,0,0,0,0,0,5,0,0,0,4,.,.,.,.
Elzenhagen Zuid,120,Elzenhagen Zuid,BU03637401,820,85,455,40,15,65,30,305,705,630,50,35,599,170,30,20,20
Elzenhagen Noord,121,Elzenhagen Noord,BU03637402,2510,405,790,145,35,195,140,280,925,235,190,505,786,20,40,30,160
Lastage,122,Lastage,BU03630403,1085,295,130,10,5,10,15,90,710,440,175,90,604,20,30,20,150
Buurt 6,123,Buurt 6,BU03637800,3060,285,2090,880,30,185,610,385,1345,575,250,525,1143,260,170,60,290
Minervabuurt Midden,124,Minervabuurt Midden,BU03634904,2415,845,270,10,25,20,30,195,1120,465,275,390,952,10,20,20,400
Transvaalbuurt West,125,Transvaalbuurt West,BU03633000,4140,620,1850,660,40,375,275,495,2340,1325,490,515,1989,310,200,80,450
Landelijk gebied Driemond,126,Landelijk gebied Driemond,BU03639801,130,15,10,0,5,5,0,0,40,10,10,30,34,0,0,0,10
Van Brakelkwartier,127,Van Brakelkwartier,BU03637503,1020,125,490,205,10,50,125,100,495,210,120,170,421,80,50,30,100
Zeeburgereiland Noordwest,128,Zeeburgereiland Noordwest,BU03633400,20,5,0,0,0,0,0,0,5,0,0,0,4,.,.,.,.
Hemelrijk,129,Hemelrijk,BU03630101,575,215,85,5,10,15,10,55,415,280,100,25,353,10,20,10,30
Bertelmanpleinbuurt,130,Bertelmanpleinbuurt,BU03634800,1075,170,360,105,20,80,60,100,660,405,135,130,561,70,70,30,200
Oude Kerk e.o.,131,Oude Kerk e.o.,BU03630001,730,250,130,5,5,20,10,95,540,385,120,35,459,30,20,20,50
Werengouw Midden,132,Werengouw Midden,BU03636802,4960,680,2710,705,85,430,585,915,2570,1345,470,765,2185,330,230,100,610
Da Costabuurt Zuid,133,Da Costabuurt Zuid,BU03631900,2270,700,425,75,20,60,35,245,1510,985,340,180,1284,80,60,50,150
Robert Scottbuurt West,134,Robert Scottbuurt West,BU03633900,2070,350,910,310,25,105,195,275,1360,1000,170,185,1156,140,70,40,230
Langestraat e.o.,135,Langestraat e.o.,BU03630200,1870,615,165,5,10,20,15,120,1150,670,315,165,978,10,20,10,360
Oostenburg,136,Oostenburg,BU03630903,1730,345,580,120,15,160,55,230,980,555,200,220,833,100,100,40,200
Marine-Etablissement,137,Marine-Etablissement,BU03630900,75,10,20,0,0,0,0,20,30,15,5,5,26,0,10,0,10
Haveneiland Noord,138,Haveneiland Noord,BU03635102,1825,285,990,270,35,245,130,315,840,355,180,315,714,90,70,50,120
Twiske West,139,Twiske West,BU03636603,2460,305,495,90,20,145,65,180,985,250,290,450,837,50,100,40,300
F-buurt,140,F-buurt,BU03639303,4465,440,3250,160,200,1585,110,1195,2235,1235,275,735,1900,190,130,110,180
Rechte H-buurt,141,Rechte H-buurt,BU03639306,3070,270,2485,55,150,755,30,1500,1565,860,185,525,1330,360,150,70,240
Overamstel,142,Overamstel,BU03635805,45,5,5,0,0,0,0,0,5,5,5,5,4,.,.,.,.
Da Costabuurt Noord,143,Da Costabuurt Noord,BU03631700,4660,1305,740,115,45,130,70,380,2895,1710,740,440,2461,120,120,80,530
Delflandpleinbuurt Oost,144,Delflandpleinbuurt Oost,BU03638702,1575,265,760,275,30,110,125,225,800,505,125,180,680,110,110,30,120
Het Funen,145,Het Funen,BU03630905,1340,330,290,70,10,45,20,150,640,285,140,210,544,30,30,20,110
Nieuwendammerdijk Oost,146,Nieuwendammerdijk Oost,BU03636403,350,75,10,0,0,0,5,5,125,35,30,70,106,0,0,0,50
Transvaalbuurt Oost,147,Transvaalbuurt Oost,BU03633001,5085,815,2190,840,70,360,350,570,2735,1465,570,695,2325,350,220,100,470
Buurt 2,148,Buurt 2,BU03637601,3070,395,2150,965,40,185,540,425,1460,710,285,475,1241,270,150,60,240
WG-terrein,149,WG-terrein,BU03632001,2470,605,430,70,25,95,45,200,1535,945,310,275,1305,100,90,50,390
Cremerbuurt Oost,150,Cremerbuurt Oost,BU03632002,2290,650,295,25,25,40,15,190,1385,795,350,235,1177,60,50,50,140
Cremerbuurt West,151,Cremerbuurt West,BU03632100,5755,1730,845,105,50,100,95,500,3530,2020,945,565,3001,160,160,100,390
Valkenburg,152,Valkenburg,BU03630406,1200,360,190,10,10,35,10,130,805,535,165,100,684,20,40,20,240
Hoofdcentrum Zuidoost,153,Hoofdcentrum Zuidoost,BU03639200,15,10,10,0,0,0,0,10,15,20,5,0,13,.,.,.,.
Bedrijventerrein Hamerstraat,154,Bedrijventerrein Hamerstraat,BU03637200,265,120,70,0,5,5,5,55,195,145,45,10,166,0,0,10,10
Markengouw Midden,155,Markengouw Midden,BU03636803,3450,275,2350,915,60,355,435,585,1290,435,220,640,1097,220,160,60,210
G-buurt Oost,156,G-buurt Oost,BU03639409,3190,650,1040,35,75,515,25,400,1970,1200,490,290,1675,60,90,50,900
Kantershof,157,Kantershof,BU03639410,2190,290,1230,15,75,605,25,520,1220,740,170,315,1037,110,100,40,430
Hoge Dijk,158,Hoge Dijk,BU03639206,140,30,35,10,0,10,0,15,80,75,5,10,68,10,0,0,10
Velserpolder West,159,Venserpolder West,BU03639300,5205,645,3630,140,270,1535,110,1575,3040,1875,445,735,2584,460,260,130,550
Gein Zuioost,160,Gein Zuidoost,BU03639703,3370,370,1735,80,125,860,25,650,1640,680,375,595,1394,140,190,70,510
Reigersbos Zuid,161,Reigersbos Zuid,BU03639606,2565,335,1235,45,75,680,15,425,1215,515,290,415,1033,80,140,40,440
Dorp Driemond,162,Dorp Driemond,BU03639800,1490,150,180,20,20,80,15,50,640,190,185,270,544,20,40,30,240
Gein Noordoost,163,Gein Noordoost,BU03639702,3265,480,1105,10,45,580,20,450,1400,405,435,570,1190,10,110,50,510
Emanuel van Meterenbuurt,164,Emanuel van Meterenbuurt,BU03638501,2270,465,765,310,10,65,180,200,1040,500,200,350,884,90,80,40,380
Buurt 3,165,Buurt 3,BU03637600,6400,905,3810,1510,55,320,1085,840,3085,1575,530,985,2622,500,320,100,620
Kelbergen,166,Kelbergen,BU03639404,1015,85,670,10,55,335,10,260,470,205,90,185,400,50,60,20,150
Amsterdamse Poort,167,Amsterdamse Poort,BU03639304,1390,220,1025,35,110,490,15,380,850,635,65,160,723,160,90,40,150
Bedrijventerrein Nieuwendammerdijk,168,Bedrijventerrein Nieuwendammerdijk,BU03637202,20,0,5,0,5,0,0,5,10,5,5,5,9,.,.,.,.
Schipluidenbuurt,169,Schipluidenbuurt,BU03638705,1170,425,350,20,40,25,30,240,1000,850,140,15,850,10,10,20,10
Felix Meritisbuurt,170,Felix Meritisbuurt,BU03630202,2055,740,230,10,20,20,25,160,1340,825,345,165,1139,20,20,30,280
Overhoeks,171,Overhoeks,BU03637107,1455,270,300,30,20,65,30,155,810,360,310,150,689,40,50,40,190
Cornelis Troostbuurt,172,Cornelis Troostbuurt,BU03632503,3495,910,710,145,25,120,75,345,2195,1315,540,335,1866,100,110,70,370
Surinamepleinbuurt,173,Surinamepleinbuurt,BU03634400,1550,340,175,20,10,25,15,110,920,550,190,175,782,10,30,20,180
Amstelkwartier West,174,Amstelkwartier West,BU03635809,875,255,185,10,10,25,25,125,720,580,135,10,612,10,10,10,20
Harmoniehofbuurt,175,Harmoniehofbuurt,BU03634706,1385,265,110,0,10,30,5,70,875,540,225,120,744,20,30,20,600
Gelderlandpleinbuurt,176,Gelderlandpleinbuurt,BU03639000,4610,1380,1205,100,35,175,100,800,2775,1570,695,520,2359,100,130,60,1070
Ransdorp,177,Ransdorp,BU03637305,310,25,10,0,0,0,0,10,130,50,35,50,111,0,10,0,70
Zwarte Gouw,178,Zwarte Gouw,BU03637304,20,0,5,0,0,0,0,0,0,5,0,5,0,.,.,.,.
Zorgvlied,179,Zorgvlied,BU03635404,45,10,5,0,0,0,0,5,25,20,10,5,21,.,.,.,.
Durgerdam,180,Durgerdam,BU03637303,505,60,20,0,0,5,0,15,200,55,65,90,170,0,10,10,80
Erasmusparkbuurt Oost,181,Erasmusparkbuurt Oost,BU03633704,1920,405,635,245,20,75,95,205,970,445,240,280,825,100,60,40,130
De Punt,182,De Punt,BU03638300,6105,1025,3370,1115,60,465,920,815,2765,1355,515,905,2350,220,300,100,730
Postjeskade e.o.,183,Postjeskade e.o.,BU03634301,3030,635,575,90,25,100,90,270,1765,905,505,350,1500,90,90,50,290
Slotermeer Zuid,184,Slotermeer Zuid,BU03637700,3410,410,2130,1015,40,180,445,455,1955,1225,305,430,1662,360,210,70,440
Passeerdersgrachtbuurt,185,Passeerdersgrachtbuurt,BU03630607,860,245,115,10,15,15,10,70,605,420,130,50,514,20,40,10,150
Wielingenbuurt,186,Wielingenbuurt,BU03635200,2995,755,330,20,20,45,30,225,1640,815,430,405,1394,40,50,40,380
Betondorp,187,Betondorp,BU03635700,3225,420,835,200,30,225,60,325,1930,1105,405,425,1641,230,180,60,720
E-buurt,188,E-buurt,BU03639400,2175,240,1445,85,100,770,95,410,870,360,105,410,740,40,50,40,30
Venserpolder Oost,189,Venserpolder Oost,BU03639301,3455,420,2410,120,140,1000,85,1070,2030,1245,290,500,1726,280,160,90,240
Begijnhofbuurt,190,Begijnhofbuurt,BU03630106,415,140,75,10,0,5,5,55,320,245,65,10,272,10,10,10,60
Hondecoeterbuurt,191,Hondecoeterbuurt,BU03634705,2045,640,225,10,10,30,15,165,1085,550,275,270,922,10,20,30,340
Middeneiland Zuidwest,192,Middeneiland Zuidwest,BU03635003,0,0,0,0,0,0,0,0,0,0,0,0,0,.,.,.,.
De Omval,193,De Omval,BU03635807,725,260,135,0,5,5,20,105,435,225,150,65,370,0,10,10,120
Spaarndammerbuurt Zuidwest,194,Spaarndammerbuurt Zuidwest,BU03631303,1685,375,415,70,30,115,30,175,940,575,190,170,799,80,70,30,340
Spaarndammerbuurt Zuidoost,195,Spaarndammerbuurt Zuidoost,BU03631302,1025,210,270,65,10,70,20,105,625,370,135,115,531,50,50,30,130
Buiksloterdijk Oost,196,Buiksloterdijk Oost,BU03636401,120,20,10,10,0,0,0,5,50,15,20,20,43,0,0,0,40
Middenmeer Zuid,197,Middenmeer Zuid,BU03635602,5060,975,565,75,50,110,20,310,2435,1035,575,830,2070,50,100,70,550
Hiltonbuurt,198,Hiltonbuurt,BU03634902,75,10,5,0,0,0,0,5,25,10,10,20,21,0,0,0,10
Weesperzijde Midden/Zuid,199,Weesperzijde Midden/Zuid,BU03632701,3315,755,635,145,25,115,55,305,1960,1095,520,345,1666,80,70,70,330
Swammerdambuurt,200,Swammerdambuurt,BU03632700,2000,545,275,40,20,45,15,160,1215,705,305,200,1033,30,30,40,140
Julianapark,201,Julianapark,BU03635502,1080,275,210,5,5,40,25,135,635,315,230,100,540,10,20,20,120
De Aker West,202,De Aker West,BU03638401,4570,600,1980,465,55,435,450,575,1920,620,460,845,1632,80,180,80,520
L-buurt,203,L-buurt,BU03639500,2975,620,1035,25,75,370,35,535,1810,1055,405,350,1539,50,90,70,560
Tuindorp Oostzaan Oost,204,Tuindorp Oostzaan Oost,BU03636501,4190,485,795,185,25,165,110,315,2020,805,475,750,1717,210,270,70,720
Oostzanerdijk,205,Oostzanerdijk,BU03636601,400,60,20,0,0,5,0,15,175,55,60,70,149,10,10,10,60
Johannnes Vermeerbuurt,206,Johannnes Vermeerbuurt,BU03634700,1485,500,195,5,25,20,10,135,770,380,190,210,655,10,10,10,250
G-buurt Noord,207,G-buurt Noord,BU03639412,1775,75,1540,30,125,630,10,740,1040,670,95,285,884,330,80,60,100
Dapperbuurt Zuid,208,Dapperbuurt Zuid,BU03632901,3810,685,1470,490,35,295,225,430,2295,1445,430,415,1951,250,170,60,390
Cornelis Douwesterrein,209,Cornelis Douwesterrein,BU03637104,0,0,0,0,0,0,0,0,0,5,0,0,0,.,.,.,.
NDSM terrein,210,NDSM terrein,BU03637105,1810,470,410,35,50,75,35,220,1455,1135,285,45,1237,20,10,50,0
Buiksloterham,211,Buiksloterham,BU03637106,365,75,60,30,5,10,10,10,160,70,30,70,136,10,10,10,10
Marnixbuurt Zuid,212,Marnixbuurt Zuid,BU03630609,675,190,115,15,5,20,10,65,510,400,80,25,434,20,30,10,190
Dorp Sloten,213,Dorp Sloten,BU03638809,710,90,55,0,10,10,5,40,330,115,105,115,281,10,20,10,120
Lucas/Andreasziekenhuis e.o.,214,Lucas/Andreasziekenhuis e.o.,BU03638605,1095,490,345,25,10,15,20,280,960,840,110,15,816,0,0,10,0
Zamenhofstraat e.o.,215,Zamenhofstraat e.o.,BU03637201,5,5,0,0,0,0,0,0,5,10,0,5,4,.,.,.,.
Bloemgrachtbuurt,216,Bloemgrachtbuurt,BU03630602,2945,890,375,35,25,55,30,235,1855,1135,440,280,1577,70,80,50,440
Groenmarktkadebuurt,217,Groenmarktkadebuurt,BU03630608,240,85,50,5,5,5,10,30,170,105,55,5,145,0,10,10,10
Papaverweg e.o.,218,Papaverweg e.o.,BU03637102,1120,210,135,10,10,25,5,85,490,180,115,205,417,0,20,20,40
Terrasdorp,219,Terrasdorp,BU03636502,4090,535,1380,345,40,330,135,535,2220,1180,490,555,1887,260,350,70,660
Kortvoort,220,Kortvoort,BU03639403,2620,220,1870,60,240,900,25,650,1650,1120,155,385,1403,250,160,70,440
Bijlmerpark West,221,Nelson Mandelapark,BU03639310,0,0,0,0,0,0,0,0,0,0,0,0,0,.,.,.,.
Buiksloterbreek,222,Buiksloterbreek,BU03637004,325,70,20,0,0,5,0,15,135,45,50,55,115,0,10,0,60
Calandlaan/Lelylaan,223,Calandlaan/Lelylaan,BU03638103,1245,185,600,180,10,95,195,120,680,380,140,170,578,90,100,30,220
Amstelpark,224,Amstelpark,BU03639103,10,0,5,0,0,0,0,5,0,5,5,5,0,.,.,.,.
Czaar Peterbuurt,225,Czaar Peterbuurt,BU03630904,2395,545,715,150,30,165,45,330,1475,900,310,260,1254,150,80,60,220
Werengouw Zuid,226,Werengouw Zuid,BU03636805,1600,200,870,270,20,130,205,245,625,185,120,325,531,120,60,20,190
Parooldriehoek,227,Parooldriehoek,BU03632702,575,255,255,55,5,15,40,145,485,435,15,30,412,30,10,10,10
Amstel III deel C/D Zuid,228,Amstel III deel C/D Zuid,BU03639204,0,5,0,0,0,0,0,0,0,5,5,0,0,.,.,.,.
Vogeltjeswei,229,Vogeltjeswei,BU03639309,705,65,545,5,35,320,25,165,300,110,55,145,255,30,50,20,80
Bijlmermuseum Zuid,230,Bijlmermuseum Zuid,BU03639413,3150,445,2155,80,140,630,15,1295,1730,985,240,515,1471,320,120,80,190
Hoptille,231,Hoptille,BU03639305,1925,450,1200,65,120,365,45,610,1265,920,110,245,1075,170,70,40,50
AMC,232,AMC,BU03639205,30,10,20,5,5,5,0,5,0,5,0,0,0,.,.,.,.
Koningin Wilhelminaplein,233,Koningin Wilhelminaplein,BU03638700,2790,965,850,60,30,45,85,635,1780,1015,565,205,1513,10,20,40,160
Gerard Doubuurt,234,Gerard Doubuurt,BU03632401,1920,555,440,95,25,65,35,220,1265,805,280,170,1075,100,80,30,200
Zaagpoortbuurt,235,Zaagpoortbuurt,BU03630604,960,295,230,40,20,45,15,110,750,590,110,45,638,70,40,30,70
Rembrandtpleinbuurt,236,Rembrandtpleinbuurt,BU03630304,485,190,115,5,5,0,10,95,340,225,90,20,289,10,10,10,40
Van Loonbuurt,237,Van Loonbuurt,BU03630302,1415,410,140,5,10,5,15,105,860,520,210,125,731,10,20,20,230
Scheepvaarthuisbuurt,238,Scheepvaarthuisbuurt,BU03630401,735,230,55,5,5,5,5,40,465,290,120,55,395,0,10,10,90
Amstelveldbuurt,239,Amstelveldbuurt,BU03630303,1510,420,185,5,10,20,25,125,905,535,220,145,769,20,20,20,220
Delflandpleinbuurt West,240,Delflandpleinbuurt West,BU03638703,3945,840,1710,590,60,205,330,530,2505,1680,435,400,2129,190,130,70,290
Belgiëplein e.o.,241,Belgiëplein e.o.,BU03638806,1085,255,370,60,10,70,70,160,650,340,210,110,553,30,50,20,290
Andreasterrein,242,Andreasterrein,BU03638701,1290,320,455,185,10,50,75,145,555,200,140,225,472,40,30,20,120
Zuidoostkwadrant Indische buurt,243,Zuidoostkwadrant Indische buurt,BU03633201,3605,505,2045,870,40,270,425,445,1835,910,390,530,1560,300,200,80,350
Sloterpark,244,Sloterpark,BU03637704,75,35,25,0,0,5,20,5,45,25,15,10,38,0,0,10,0
Noorderstrook Oost,245,Noorderstrook Oost,BU03637309,5,5,0,0,0,0,0,0,5,10,5,0,4,.,.,.,.
Landlust Zuid,246,Landlust Zuid,BU03633703,4115,795,1365,545,40,170,200,415,2340,1285,540,510,1989,270,160,80,320
Middelveldsche Akerpolder,247,Middelveldsche Akerpolder,BU03638400,3970,480,1810,790,30,280,355,360,1750,675,410,670,1488,110,220,70,600
Kadoelen,248,Kadoelen,BU03636700,2365,265,365,70,30,90,40,140,945,260,240,455,803,40,70,40,280
Marathonbuurt West,249,Marathonbuurt West,BU03634802,2425,445,845,190,40,190,85,345,1530,970,270,300,1301,190,190,40,360
Diepenbrockbuurt,250,Diepenbrockbuurt,BU03634900,790,180,80,0,5,20,10,50,330,120,85,130,281,0,10,0,120
Helmersbuurt Oost,251,Helmersbuurt Oost,BU03632000,2595,775,295,25,25,35,20,190,1510,830,405,270,1284,30,40,60,220
Driehoekbuurt,252,Driehoekbuurt,BU03630600,2735,770,360,35,25,50,20,235,1855,1215,410,220,1577,110,100,60,360
RAI,253,RAI,BU03632301,0,0,0,0,0,0,0,0,0,0,0,0,0,.,.,.,.
Bretten Oost,254,Bretten Oost,BU03631107,0,0,0,0,0,0,0,0,0,0,0,0,0,.,.,.,.
Circus/Kermisbuurt,255,Circus/Kermisbuurt,BU03636606,1335,180,360,65,5,105,75,110,680,310,160,220,578,50,70,20,140
Borgerbuurt,256,Borgerbuurt,BU03631901,2900,505,1250,415,30,260,160,390,1780,1160,295,325,1513,250,170,50,600
Kalverdriehoek,257,Kalverdriehoek,BU03630107,305,125,55,0,5,5,10,40,215,140,60,10,183,0,0,10,20
Nieuwe Kerk e.o.,258,Nieuwe Kerk e.o.,BU03630104,820,305,175,10,5,20,15,135,560,365,155,40,476,10,10,20,40
Leidsegracht Noord,259,Leidsegracht Noord,BU03630203,685,220,80,0,5,5,5,65,440,265,115,50,374,0,10,10,110
Oostoever Sloterplas,260,Oostoever Sloterplas,BU03638500,2505,430,745,155,15,195,180,205,1185,480,335,380,1007,20,90,30,500
Aalsmeerwegbuurt Oost,261,Aalsmeerwegbuurt Oost,BU03634403,2210,530,340,65,20,60,30,165,1335,745,350,255,1135,60,70,60,190
Reigersbos Noord,262,Reigersbos Noord,BU03639601,4315,280,3335,135,320,1480,55,1350,2055,960,265,835,1747,400,210,90,460
Rietlanden,263,Rietlanden,BU03633301,2515,490,715,155,15,175,105,265,1295,565,365,360,1101,70,70,40,230
IJselbuurt Oost,264,IJselbuurt Oost,BU03635301,2900,625,645,180,35,130,80,225,1735,990,420,335,1475,120,80,50,320
Kromme Mijdrechtbuurt,265,Kromme Mijdrechtbuurt,BU03635400,2480,495,545,115,30,85,55,265,1580,960,350,280,1343,170,120,30,330
Zeeburgerdijk Oost,266,Zeeburgerdijk Oost,BU03633202,440,85,115,40,5,30,20,25,210,90,55,60,179,10,20,10,50
Flevopark,267,Flevopark,BU03633203,15,5,0,0,0,0,0,0,10,10,0,0,9,.,.,.,.
Scheldebuurt Midden,268,Scheldebuurt Midden,BU03635202,3130,725,350,50,20,60,25,195,1730,895,435,405,1471,30,50,60,400
Scheldebuurt West,269,Scheldebuurt West,BU03635201,4365,990,600,80,25,105,55,340,2435,1255,590,595,2070,70,100,90,590
Scheldebuurt Oost,270,Scheldebuurt Oost,BU03635203,2355,545,315,45,25,45,20,190,1340,715,340,290,1139,40,50,30,250
Duivelseiland,271,Duivelseiland,BU03634709,1385,435,190,5,15,25,20,125,870,525,210,145,740,30,30,30,100
Museumplein,272,Museumplein,BU03634707,5,5,0,0,0,0,0,0,5,5,5,5,4,.,.,.,.
Zuidas Zuid,273,Zuidas Zuid,BU03632303,2370,740,870,55,20,75,60,665,1405,735,415,250,1194,0,20,30,90
Werengouw Noord,274,0,0,0,0,0,0,0,0,0,0,0,0,0,0,0,0,0,0,0
Osdorp Midden Zuid,275,Osdorp Midden Zuid,BU03638201,3480,455,2340,1100,35,205,505,495,1540,655,275,615,1309,250,170,50,360
Pieter van der Doesbuurt,276,Pieter van der Doesbuurt,BU03634002,1900,400,590,170,20,90,75,240,1085,590,260,230,922,150,80,40,150
Trompbuurt,277,Trompbuurt,BU03634001,3225,750,590,125,30,100,90,255,1805,935,500,365,1534,100,70,60,260
De Wester Quartier,278,De Wester Quartier,BU03637502,1810,330,815,275,25,95,180,245,925,460,205,270,786,130,70,30,130
Filips van Almondekwartier,279,Filips van Almondekwartier,BU03637501,1105,255,285,100,15,20,35,120,670,415,150,115,570,40,30,10,70
Banne Noordoost,280,Banne Noordoost,BU03637003,3630,430,1930,545,45,260,515,570,1560,575,360,640,1326,270,200,70,510
Rembrandtpark Noord,281,Rembrandtpark Noord,BU03638602,935,320,140,25,15,15,5,80,700,540,110,55,595,0,10,10,70
Grunder/Koningshoef,282,Grunder/Koningshoef,BU03639408,1740,160,1370,50,90,770,30,430,790,375,95,330,672,50,90,30,90
Bedrijvengebied Veelaan,283,Bedrijvengebied Veelaan,BU03633308,35,5,5,0,0,0,0,0,20,10,5,0,17,.,.,.,.
Landlust Noord,284,Landlust Noord,BU03633706,2395,355,1155,480,25,150,230,275,1305,705,300,295,1109,160,110,50,170
Gibraltarbuurt,285,Gibraltarbuurt,BU03633705,4280,730,1850,715,55,205,280,600,2470,1375,575,515,2100,350,200,90,320
Anjeliersbuurt Noord,286,Anjeliersbuurt Noord,BU03630610,2080,530,235,30,10,30,15,150,1315,805,285,220,1118,60,60,40,350
Bedrijvencentrum Osdorp,287,Bedrijvencentrum Osdorp,BU03638301,115,10,65,15,5,30,5,15,5,5,0,0,4,30,10,0,10
Frans Halsbuurt,288,Frans Halsbuurt,BU03632402,2645,860,475,55,25,55,25,320,1745,1110,390,235,1483,80,60,50,210
Haarlemmerbuurt Oost,289,Haarlemmerbuurt Oost,BU03630501,1485,410,210,20,5,40,10,145,990,650,210,120,842,30,30,30,230
Kadijken,290,Kadijken,BU03630908,2905,660,455,60,15,70,25,285,1860,1165,405,285,1581,130,110,60,500
Westerdokseiland,291,Westerdokseiland,BU03630500,1875,410,465,55,20,135,35,230,995,445,325,225,846,60,60,20,350
Nieuwmarkt,292,Nieuwmarkt,BU03630404,1605,390,240,15,15,60,10,140,1040,705,185,150,884,70,80,20,380
Vervoerscentrum,293,Vervoerscentrum,BU03631004,0,5,0,0,0,0,0,0,0,0,0,0,0,.,.,.,.
Tuindorp Nieuwendam West,294,Tuindorp Nieuwendam West,BU03636200,1055,140,185,50,5,45,15,70,535,210,170,160,455,40,60,10,280
IJplein e.o.,295,IJplein e.o.,BU03636100,2480,360,1100,315,30,200,145,415,1470,895,280,295,1250,240,170,60,340
Vogelbuurt Zuid,296,Vogelbuurt Zuid,BU03636101,4290,640,2065,675,80,390,180,740,2185,1130,405,655,1857,400,260,80,440
Beethovenbuurt,297,Beethovenbuurt,BU03634901,1260,410,135,5,10,15,20,90,565,245,120,210,480,0,10,10,230
Sloterdijk III Oost,298,Sloterdijk III Oost,BU03631102,0,0,0,0,0,0,0,0,0,0,0,0,0,.,.,.,.
Nieuwendammerdijk Zuid,299,Nieuwendammerdijk Zuid,BU03636404,5,0,5,0,0,0,0,0,0,0,5,5,0,.,.,.,.
Marnixbuurt Midden,300,Marnixbuurt Midden,BU03630605,195,55,40,0,5,10,5,25,120,65,35,15,102,0,0,10,10
Nieuw Sloten Zuidwest,301,Nieuw Sloten Zuidwest,BU03638807,2295,400,600,70,20,180,105,225,895,190,255,460,761,10,80,50,190
Ookmeer,302,Ookmeer,BU03638000,335,10,325,10,0,0,20,300,0,5,5,0,0,0,0,0,0
Buurt 10,303,Buurt 10,BU03637901,2415,300,1165,310,25,170,445,220,1020,320,295,410,867,50,120,50,340
Wildeman,304,Wildeman,BU03638100,4985,555,3170,1470,45,345,625,695,2560,1370,415,785,2176,550,300,80,890
Meer en Oever,305,Meer en Oever,BU03638101,3155,650,1370,505,25,145,335,360,1665,830,455,385,1415,90,120,60,520
Zeeburgereiland Zuidwest,306,Zeeburgereiland Zuidwest,BU03633403,295,80,20,0,5,5,0,10,225,180,30,10,191,0,0,0,10
Van der Pekbuurt,307,Van der Pekbuurt,BU03636000,4730,615,2280,760,75,330,280,840,2535,1375,425,745,2155,500,280,90,370
Robert Scottbuurt Oost,308,Robert Scottbuurt Oost,BU03633803,1790,365,615,230,10,50,165,165,1000,525,270,205,850,80,70,30,130
Gein Noordwest,309,Gein Noordwest,BU03639700,3000,340,1910,80,160,875,25,775,1655,995,225,445,1407,240,160,70,350
Holendrecht West,310,Holendrecht West,BU03639600,2940,185,2160,80,175,1140,30,745,1495,820,135,545,1271,330,150,60,450
Gein Zuidwest,311,Gein Zuidwest,BU03639701,1685,170,1205,45,70,490,15,590,870,460,110,310,740,150,110,50,100
Willemsparkbuurt Noord,312,Willemsparkbuurt Noord,BU03634602,1520,445,165,10,5,20,20,120,770,370,205,205,655,10,20,20,200
Vondelpark West,313,Vondelpark West,BU03634603,0,0,0,0,0,0,0,0,0,0,0,0,0,.,.,.,.
Schinkelbuurt Zuid,314,Schinkelbuurt Zuid,BU03634501,1530,355,395,55,10,110,40,180,985,640,170,180,837,90,70,40,210
Laan van Spartaan,315,Laan van Spartaan,BU03633901,2260,420,1045,390,40,140,160,320,1270,770,220,270,1080,80,70,40,140
Sloterdijk III West,316,Sloterdijk III West,BU03631103,90,25,45,10,5,15,10,15,75,70,5,0,64,10,10,0,0
Bedrijventerrein Schinkel,317,Bedrijventerrein Schinkel,BU03634405,260,110,45,0,0,0,0,45,195,170,15,20,166,0,10,0,20
Osdorp Zuidoost,318,Osdorp Zuidoost,BU03638104,4010,690,1420,405,50,260,280,435,2340,1410,465,475,1989,120,170,60,820
Steigereiland Zuid,319,Steigereiland Zuid,BU03633501,2680,355,855,205,45,205,70,335,940,260,110,565,799,70,90,40,90
Buyskade e.o.,320,Buyskade e.o.,BU03631405,3080,695,695,200,35,115,55,295,1705,870,445,385,1449,130,100,60,270
Buitenveldert West Midden,321,Buitenveldert West Midden,BU03639008,1000,290,155,10,5,20,5,120,520,250,145,135,442,10,10,10,310
Tuindorp Amstelstation,322,Tuindorp Amstelstation,BU03635505,840,100,365,90,15,90,40,130,485,265,85,140,412,100,60,20,180
Vogelbuurt Noord,323,Vogelbuurt Noord,BU03636102,1300,185,475,140,20,95,25,195,710,375,130,210,604,90,80,20,130
P.C. Hooftbuurt,324,P.C. Hooftbuurt,BU03634701,795,305,110,5,5,10,10,85,455,250,130,80,387,0,20,10,120
Zuidas Noord,325,Zuidas Noord,BU03632300,475,110,170,5,5,5,15,140,280,150,75,50,238,0,0,10,10
Nieuwendijk Noord,326,Nieuwendijk Noord,BU03630102,460,195,100,0,0,10,5,80,330,220,90,15,281,10,10,10,20
KNSM-eiland,327,KNSM-eiland,BU03633303,2390,485,440,50,25,135,40,195,1405,735,375,290,1194,60,90,50,350
K-buurt Zuidoost,328,K-buurt Zuidoost,BU03639406,1405,125,1025,45,85,440,45,420,580,225,85,280,493,40,20,30,40
Osdorper Binnenpolder,329,Osdorper Binnenpolder,BU03637900,30,0,15,0,0,0,0,15,10,5,5,5,9,.,.,.,.
Leliegracht e.o.,330,Leliegracht e.o.,BU03630201,1820,665,250,5,10,15,25,195,1205,780,295,125,1024,10,20,10,240
Leidsebuurt Noordoost,331,Leidsebuurt Noordoost,BU03630702,1005,390,190,5,10,10,20,145,700,460,185,50,595,10,10,20,60
Bijlmerpark Oost,332,Gooise Kant,BU03639411,585,60,405,20,30,210,25,125,240,75,55,120,204,0,20,10,0
De Kleine Wereld,333,De Kleine Wereld,BU03636911,2740,250,1775,435,40,300,345,660,1235,525,235,480,1050,290,140,40,450
BG-terrein e.o.,334,BG-terrein e.o.,BU03630004,670,190,95,10,5,15,10,60,495,375,80,40,421,20,10,10,70
Stationsplein e.o.,335,Stationsplein e.o.,BU03630100,0,0,0,0,0,0,0,0,0,0,0,0,0,.,.,.,.
Osdorper Bovenpolder,336,Osdorper Bovenpolder,BU03638001,805,110,115,20,5,20,35,35,360,130,110,130,306,20,40,10,150
Frankendael,337,Frankendael,BU03635504,5,0,0,0,0,0,0,0,5,5,5,5,4,.,.,.,.
Columbusplein e.o.,338,Columbusplein e.o.,BU03634201,3520,565,1500,515,40,195,285,470,2045,1165,450,425,1738,280,170,70,310
Nes e.o.,339,Nes e.o.,BU03630003,350,135,40,0,0,5,10,30,240,160,65,15,204,10,0,10,20
Hemonybuurt,340,Hemonybuurt,BU03632400,2600,750,400,45,30,70,30,230,1625,990,370,265,1381,80,60,30,190
Amstelkwartier Zuid,341,Amstelkwartier Zuid,BU03635808,30,10,5,0,0,0,0,5,20,15,10,5,17,.,.,.,.
Nieuw Sloten Noordoost,342,Nieuw Sloten Noordoost,BU03638805,3165,455,1025,285,35,180,210,320,1440,500,445,500,1224,40,130,50,570
Gaasperpark,343,Gaasperpark,BU03639501,20,0,5,0,0,5,0,0,10,5,5,5,9,.,.,.,.
D-buurt,344,D-buurt,BU03639302,1950,455,990,35,145,265,25,520,1665,1490,75,110,1415,70,30,30,30
Gaasperplas,345,Gaasperplas,BU03639502,35,5,5,0,0,0,0,5,15,10,5,10,13,.,.,.,.
Blauwe Zand,346,Blauwe Zand,BU03636300,1885,210,400,90,10,80,30,185,925,395,215,325,786,120,140,40,320
Nieuwendammmerdijk West,347,Nieuwendammerdijk West,BU03636402,1025,150,40,0,5,5,0,35,395,95,120,190,336,0,10,20,140
Nieuw Sloten Noordwest,348,Nieuw Sloten Noordwest,BU03638804,3110,460,1200,435,35,240,190,300,1275,375,325,580,1084,60,140,60,410
Marjoleinterrein,349,Marjoleinterrein,BU03637005,360,55,155,60,0,15,35,45,160,80,35,55,136,30,10,10,30
G-buurt West,350,G-buurt West,BU03639401,3705,440,2745,60,195,1475,35,980,1900,950,335,620,1615,150,150,100,330
K-buurt Midden,351,K-buurt Midden,BU03639405,2400,220,1755,95,110,595,20,940,1315,775,160,385,1118,230,100,70,130
Rijnbuurt West,352,Rijnbuurt West,BU03635403,1720,285,605,150,25,125,35,270,1105,735,160,220,939,190,130,40,320
Tuindorp Oostzaan West,353,Tuindorp Oostzaan West,BU03636500,1135,115,230,65,10,40,30,85,545,245,145,165,463,50,60,10,350
Oosterpark,354,Oosterpark,BU03632801,120,25,25,0,0,15,0,10,95,80,10,5,81,20,10,10,10
Oosterparkbuurt Noordwest,355,Oosterparkbuurt Noordwest,BU03632800,3755,775,1210,275,45,250,150,495,2395,1520,495,380,2036,200,150,70,400
Oosterparkbuurt Zuidoost,356,Oosterparkbuurt Zuidoost,BU03632802,3815,840,1070,325,25,215,130,375,2140,1170,485,480,1819,160,150,70,410
Hakfort/Huigenbos,357,Hakfort/Huigenbos,BU03639307,2545,205,1965,90,145,610,40,1080,1315,715,200,410,1118,290,100,70,120
Huntum,358,Huntum,BU03639308,200,35,80,0,5,40,0,35,95,35,40,30,81,0,10,0,60
Noorderstrook West,359,Noorderstrook West,BU03637308,50,20,10,0,0,0,0,10,40,40,5,5,34,10,0,0,0
Noordoever Sloterplas,360,Noordoever Sloterplas,BU03637701,3335,585,1360,455,30,165,285,425,1745,925,340,485,1483,150,110,60,330
Waterloopleinbuurt,361,Waterloopleinbuurt,BU03630408,865,245,150,10,10,25,10,100,595,415,115,65,506,30,30,10,150
Nieuw Sloten Zuidoost,362,Nieuw Sloten Zuidoost,BU03638808,2175,415,710,225,20,145,125,200,945,340,220,395,803,20,120,50,210
De Klenckebuurt,363,De Klenckebuurt,BU03639100,795,220,180,15,5,30,15,115,395,210,120,70,336,10,30,10,270
Buitenveldert Oost Midden,364,Buitenveldert Oost Midden,BU03639101,3290,720,1115,100,40,180,115,685,1970,1115,460,405,1675,170,110,50,870
Buitenveldert Zuidwest,365,Buitenveldert Zuidwest,BU03639003,4105,1070,905,40,50,170,55,595,2350,1420,460,480,1998,90,90,60,1090
Buiteneiland,366,Buiteneiland,BU03635005,0,0,0,0,0,0,0,0,0,0,0,0,0,.,.,.,.
Middeneiland Noordoost,367,0,0,0,0,0,0,0,0,0,0,0,0,0,0,0,0,0,0,0
Middeneiland Noordwest,368,0,0,0,0,0,0,0,0,0,0,0,0,0,0,0,0,0,0,0
Frederik Hendrikbuurt Zuidoost,369,Frederik Hendrikbuurt Zuidoost,BU03631601,3290,810,815,190,35,105,80,405,2105,1405,435,260,1789,200,120,90,300
Westlandgrachtbuurt,370,Westlandgrachtbuurt,BU03634401,3610,825,555,60,25,100,70,305,2125,1140,565,420,1806,80,90,60,320
Bijlmermuseum Noord,371,Bijlmermuseum Noord,BU03639402,2345,190,1870,40,135,570,10,1125,1285,735,150,405,1092,290,120,60,370
Borneo,372,Borneo,BU03633305,2835,505,510,145,30,110,35,195,1195,375,275,545,1016,60,70,50,140
Entrepot-Noordwest,373,Entrepot-Noordwest,BU03633306,1420,275,525,120,20,130,55,205,790,415,170,205,672,80,60,30,150
Weesperbuurt,374,Weesperbuurt,BU03630800,3105,890,480,20,20,100,25,320,2045,1395,435,210,1738,80,100,50,550
Sarphatistrook,375,Sarphatistrook,BU03630801,2170,580,480,70,20,100,35,260,1200,760,265,170,1020,60,50,30,190
Kattenburg,376,Kattenburg,BU03630901,1720,325,405,55,15,105,35,200,1065,675,200,190,905,60,60,20,340
Westhaven Noord,377,Westhaven Noord,BU03631003,35,5,15,0,0,5,10,0,20,10,0,5,17,.,.,.,.
Houthavens West,378,Houthavens West,BU03631200,2280,505,305,40,15,40,30,185,1075,405,305,365,914,30,30,40,130
Geuzenhofbuurt,379,Geuzenhofbuurt,BU03634000,1715,495,220,25,10,30,25,135,1140,705,305,125,969,20,30,50,120
Staatsliedenbuurt Noordoost,380,Staatsliedenbuurt Noordoost,BU03631402,1215,230,420,115,10,90,35,170,770,480,150,135,655,70,80,10,260
Westergasfabriek,381,Westergasfabriek,BU03631306,0,0,0,0,0,0,0,0,0,0,0,0,0,.,.,.,.
Fannius Scholtenbuurt,382,Fannius Scholtenbuurt,BU03631403,3685,965,985,235,35,195,115,410,2325,1450,455,415,1976,240,150,90,230
De Wittenbuurt Noord,383,De Wittenbuurt Noord,BU03631400,1365,320,350,90,15,45,40,165,825,490,180,150,701,60,40,30,140
De Wittenbuurt Zuid,384,De Wittenbuurt Zuid,BU03631401,880,190,250,75,10,45,5,120,565,365,95,100,480,70,50,20,150
Riekerhaven,385,Riekerhaven,BU03638704,565,35,380,20,5,20,5,340,510,460,35,20,434,140,10,30,0
De Bongerd,386,De Bongerd,BU03636503,2540,265,1005,360,50,170,135,290,835,165,125,555,710,60,60,50,50
Java-eiland,387,Java-eiland,BU03633302,3075,605,470,65,25,100,45,240,1610,705,460,440,1369,40,80,50,390
Oostelijke Handelskade,388,Oostelijke Handelskade,BU03633300,1455,385,455,95,10,75,40,240,765,320,255,185,650,40,40,30,80
Sporenburg,389,Sporenburg,BU03633304,2810,540,405,50,30,105,45,180,1165,350,295,515,990,30,90,40,100
Overtoomse Veld Noord,390,Overtoomse Veld Noord,BU03638600,6175,700,4170,2355,40,265,890,625,2555,1000,540,1025,2172,480,310,110,440
Rembrandtpark Zuid,391,Rembrandtpark Zuid,BU03638603,845,270,165,10,10,20,15,115,545,330,155,65,463,0,0,10,80
De Aker Oost,392,De Aker Oost,BU03638402,5925,760,2710,780,35,585,700,615,2305,660,510,1140,1959,110,230,90,530
Frederik Hendrikbuurt Zuidwest,393,Frederik Hendrikbuurt Zuidwest,BU03631602,1135,240,255,95,5,35,20,95,675,370,165,135,574,40,50,20,190
Zuidwestkwadrant Osdorp Zuid,394,Zuidwestkwadrant Osdorp Zuid,BU03638203,6210,1015,3750,1360,70,530,915,880,2880,1285,585,1020,2448,240,250,130,400
Schellingwoude Oost,395,Schellingwoude Oost,BU03637301,625,85,35,0,5,10,10,10,255,70,85,110,217,0,10,10,90
Schellingwoude Noord,396,Schellingwoude Noord,BU03637302,5,0,0,0,0,0,0,0,0,0,5,5,0,.,.,.,.
IJselbuurt West,397,IJselbuurt West,BU03635300,2390,480,485,85,35,115,40,220,1540,950,355,240,1309,140,110,40,320
Bedrijvenpark Lutkemeer,398,Bedrijvenpark Lutkemeer,BU03638002,70,0,15,0,0,5,5,5,35,25,5,10,30,0,0,0,10
Buurt 9,399,Buurt 9,BU03637803,6085,605,4310,1890,65,275,1470,610,2585,1135,400,1055,2197,360,390,80,570
Houthavens Oost,400,Houthavens Oost,BU03631201,665,170,75,10,0,20,10,35,415,235,110,65,353,10,20,10,110
Reguliersbuurt,401,Reguliersbuurt,BU03630305,385,185,90,0,5,5,5,75,260,165,75,15,221,10,0,0,10
Bloemenbuurt Noord,402,Bloemenbuurt Noord,BU03636002,2400,330,600,80,20,150,70,280,1255,570,295,395,1067,160,150,40,380
Bloemenbuurt Zuid,403,Bloemenbuurt Zuid,BU03636001,2425,275,975,225,45,210,80,415,1230,595,225,420,1046,240,150,50,330
K-buurt Zuidwest,404,K-buurt Zuidwest,BU03639407,1445,100,1130,50,80,595,30,380,605,235,90,290,514,50,30,30,90
Noordwestkwadrant Indische buurt Noord,405,Noordwestkwadrant Indische buurt Noord,BU03633100,3805,870,1185,400,45,210,160,380,2250,1290,530,430,1913,210,160,70,240
Zuidwestkwadrant Indische buurt,406,Zuidwestkwadrant Indische buurt,BU03633102,4080,525,2530,1085,40,410,470,530,2055,1025,405,620,1747,340,270,80,520
Planciusbuurt Zuid,407,Planciusbuurt Zuid,BU03630506,165,35,40,5,5,10,0,20,120,90,20,10,102,20,20,0,20
Planciusbuurt Noord,408,Planciusbuurt Noord,BU03630505,350,110,65,5,5,15,5,40,255,180,50,20,217,20,20,10,30
Leidsegracht Zuid,409,Leidsegracht Zuid,BU03630306,660,250,55,5,5,10,5,40,410,250,105,50,349,0,0,20,100
Anjeliersbuurt Zuid,410,Anjeliersbuurt Zuid,BU03630611,2935,755,395,45,20,70,20,240,1940,1275,385,275,1649,100,110,50,480
Louis Crispijnbuurt,411,Louis Chrispijnbuurt,BU03638900,3260,520,1600,635,35,260,280,400,1725,975,320,435,1466,170,160,50,570
Alexanderplein e.o.,412,Alexanderplein e.o.,BU03630804,390,105,45,5,5,5,5,35,240,150,50,40,204,10,0,10,30
Hercules Seghersbuurt,413,Hercules Seghersbuurt,BU03632403,2645,695,655,105,25,110,90,330,1780,1155,420,200,1513,140,100,50,220
Uilenburg,414,Uilenburg,BU03630405,1225,360,255,15,5,25,20,190,825,530,190,100,701,50,30,10,170
Aalsmeerwegbuurt West,415,Aalsmeerwegbuurt West,BU03634402,2535,645,410,40,15,60,30,265,1510,785,470,265,1284,60,60,50,170
Legmeerpleinbuurt,416,Legmeerpleinbuurt,BU03634404,1695,420,210,25,10,35,15,125,970,510,260,210,825,30,40,30,170
Sarphatiparkbuurt,417,Sarphatiparkbuurt,BU03632404,5000,1400,955,95,40,175,80,570,3345,2165,800,380,2843,160,140,90,400
Coenhaven/Mercuriushaven,418,Coenhaven/Mercuriushaven,BU03631000,25,15,5,0,0,0,0,5,15,15,0,0,13,.,.,.,.
Buurt 5 Noord,419,Buurt 5 Noord,BU03637703,3675,255,2985,1540,25,215,775,430,1500,620,220,670,1275,360,240,60,280
Noordoostkwadrant Indische buurt,420,Noordoostkwadrant Indische buurt,BU03633200,5845,810,3030,1105,65,510,550,800,3130,1745,645,735,2661,470,260,100,790
Tuindorp Frankendael,421,Tuindorp Frankendael,BU03635507,2520,400,730,185,35,195,60,255,1510,990,250,275,1284,150,160,50,540
Riekerpolder,422,Riekerpolder,BU03638800,65,20,40,0,0,0,0,40,45,40,5,5,38,0,0,0,0
Minervabuurt Noord,423,Minervabuurt Noord,BU03634903,1330,440,155,5,5,10,30,105,590,230,140,230,502,0,10,10,210
Buitenveldert Zuidoost,424,Buitenveldert Zuidoost,BU03639102,3995,1165,1125,70,40,90,75,850,2220,1360,450,415,1887,70,110,50,910
Weespertrekvaart,425,Weespertrekvaart,BU03635801,890,210,225,20,25,50,15,125,555,380,140,40,472,0,50,10,20
Drieburg,426,Drieburg,BU03635702,0,0,0,0,0,0,0,0,0,0,0,0,0,.,.,.,.
Weteringbuurt,427,Weteringbuurt,BU03630704,2425,785,290,20,15,25,25,205,1475,855,390,230,1254,30,50,40,250
Paramariboplein e.o.,428,Paramariboplein e.o.,BU03634300,3925,990,825,190,50,100,135,355,2200,1125,605,470,1870,90,110,80,260
Science Park Noord,429,Science Park Noord,BU03635607,2700,1020,600,35,25,65,45,435,2010,1525,355,135,1709,10,20,40,50
Sportpark Middenmeer Noord,430,Sportpark Middenmeer Noord,BU03635604,250,20,165,10,5,10,5,140,245,245,5,5,208,90,0,10,0
Sportpark Middenmeer Zuid,431,Sportpark Middenmeer Zuid,BU03635603,300,50,15,0,0,5,0,5,180,100,60,30,153,0,0,0,140
Markengouw Noord,432,0,0,0,0,0,0,0,0,0,0,0,0,0,0,0,0,0,0,0
Vondelpark Oost,433,Vondelpark Oost,BU03634708,0,0,0,0,0,0,0,0,0,5,0,5,0,.,.,.,.
Valeriusbuurt West,434,Valeriusbuurt West,BU03634601,2585,800,390,45,15,50,45,235,1230,515,325,400,1046,30,30,30,320
Mercatorpark,435,Mercatorpark,BU03634103,2055,205,1530,380,110,430,85,530,0,0,0,0,0,110,20,30,10
Orteliusbuurt Noord,436,Orteliusbuurt Noord,BU03634102,1375,230,520,160,15,85,100,165,820,460,205,150,697,100,60,30,150
Jan Maijenbuurt,437,Jan Maijenbuurt,BU03634101,2300,365,1045,315,25,180,240,290,1365,800,300,260,1160,230,120,50,180
Orteliusbuurt Midden,438,Orteliusbuurt Midden,BU03634202,1935,440,540,170,25,75,85,190,1180,680,285,215,1003,100,70,50,150
Plantage,439,de Plantage,BU03630803,1805,485,220,15,15,30,15,155,1070,640,250,180,910,20,40,30,290
Van der Helstpleinbuurt,440,Van der Helstpleinbuurt,BU03632501,3910,1110,785,115,30,150,80,415,2500,1520,600,375,2125,160,120,70,330
Zuiderkerkbuurt,441,Zuiderkerkbuurt,BU03630407,1495,400,210,15,10,35,20,135,1035,710,200,120,880,60,40,30,280
Zeeburgereiland Zuidoost,442,Zeeburgereiland Zuidoost,BU03633402,475,140,125,5,15,25,5,70,435,400,25,5,370,10,0,10,0
Eendrachtspark,443,Eendrachtspark,BU03637804,310,60,150,25,5,30,65,30,170,110,35,35,145,30,20,0,10
Staalmanbuurt,444,Staalmanbuurt,BU03638902,3100,365,1920,950,35,220,270,450,1315,535,250,545,1118,230,140,40,320
Molenwijk,445,Molenwijk,BU03636605,3135,385,1580,305,45,230,300,700,1545,775,255,525,1313,290,160,50,550
Kop Zeedijk,446,Kop Zeedijk,BU03630000,1100,395,200,5,15,30,15,135,755,495,205,50,642,20,30,20,70
Lizzy Ansinghbuurt,447,Lizzy Ansinghbuurt,BU03632502,2365,600,625,160,25,125,40,280,1435,850,310,270,1220,120,110,40,250
Westerstaatsman,448,Westerstaatsman,BU03631404,2870,795,685,170,25,95,30,365,1780,1085,390,305,1513,160,90,50,110
Bellamybuurt Noord,449,Bellamybuurt Noord,BU03631800,2710,555,740,235,40,120,80,275,1470,860,350,260,1250,110,80,50,220
Leidsebuurt Zuidoost,450,Leidsebuurt Zuidoost,BU03630703,290,80,55,5,5,10,0,40,185,130,30,25,157,10,0,10,40
Frederikspleinbuurt,451,Frederikspleinbuurt,BU03630707,925,285,115,10,10,15,10,70,560,330,140,85,476,20,20,20,130
Nieuwe Meer,452,Nieuwe Meer,BU03638802,160,35,10,0,5,0,0,5,95,65,10,30,81,10,10,0,10
Rapenburg,453,Rapenburg,BU03630402,1005,335,180,10,10,25,15,130,640,385,155,95,544,20,20,20,80
Kolenkitbuurt Zuid,454,Kolenkitbuurt Zuid,BU03633902,2235,300,1295,605,20,125,355,195,1070,510,260,295,910,120,120,40,200
Buitenveldert Midden Zuid,455,Buitenveldert Midden Zuid,BU03639002,3805,1065,1175,105,45,135,75,810,2085,1115,465,515,1772,70,90,40,460
Teleport,456,Teleport,BU03631105,695,315,230,15,10,20,15,175,600,505,90,0,510,40,0,10,0
Valeriusbuurt Oost,457,Valeriusbuurt Oost,BU03634600,1405,525,140,10,5,15,15,100,625,250,140,240,531,0,10,20,160
Buurt 4 Oost,458,Buurt 4 Oost,BU03637702,3610,705,1985,675,30,185,645,450,1770,905,335,535,1505,200,200,70,420
Marnixbuurt Noord,459,Marnixbuurt Noord,BU03630603,1430,360,305,45,10,80,30,140,920,565,205,145,782,80,60,20,220
Holysloot,460,Holysloot,BU03637306,295,25,10,0,0,0,0,10,110,30,30,60,94,0,0,0,60
Spuistraat Zuid,461,Spuistraat Zuid,BU03630105,720,285,115,5,5,10,10,90,520,365,115,35,442,10,10,20,60
Haveneiland Noordoost,462,Haveneiland Noordoost,BU03633505,5840,1030,2445,690,75,580,235,870,2385,795,455,1130,2027,160,190,90,240
Buiksloterdijk West,463,Buiksloterdijk West,BU03636400,145,20,5,0,0,0,0,5,50,10,20,25,43,0,0,10,30
Schellingwoude West,464,Schellingwoude West,BU03637300,70,10,5,0,0,5,0,0,35,20,15,10,30,0,0,0,10
Banne Zuidwest,465,Banne Zuidwest,BU03637000,3770,450,2195,595,60,375,340,830,1590,690,265,640,1352,240,180,50,600
Banne Zuidoost,466,Banne Zuidoost,BU03637001,4060,475,1760,405,65,365,320,605,2050,1005,465,590,1743,210,220,80,610
Banne Noordwest,467,Banne Noordwest,BU03637002,2620,315,1570,425,50,240,405,455,1260,640,185,440,1071,200,130,50,340
Spaarndammerbuurt Midden,468,Spaarndammerbuurt Midden,BU03631304,1295,250,390,90,20,95,25,165,775,465,155,155,659,90,70,30,100
Oosterparkbuurt Zuidwest,469,Oosterparkbuurt Zuidwest,BU03632803,3185,520,1500,455,35,340,220,450,1845,1095,365,385,1568,280,170,50,320
Balboaplein e.o.,470,Balboaplein e.o.,BU03634200,3075,565,1235,345,30,165,340,355,1765,965,435,360,1500,190,140,70,190
Orteliusbuurt Zuid,471,Orteliusbuurt Zuid,BU03634203,1895,435,500,110,25,95,85,195,1120,665,285,170,952,80,70,40,240
Burgemeester Tellegenbuurt West,472,Burgemeester Tellegenbuurt West,BU03632602,2265,435,775,185,20,165,105,300,1365,805,265,285,1160,170,140,30,360
Willibrordusbuurt,473,Willibrordusbuurt,BU03632500,2655,650,595,135,25,110,55,280,1805,1200,390,215,1534,130,100,50,400
Tuindorp Nieuwendam Oost,474,Tuindorp Nieuwendam Oost,BU03636201,2480,265,350,55,20,85,20,175,1300,610,275,425,1105,130,160,40,470
Vliegenbos,475,Vliegenbos,BU03636103,180,35,15,0,0,5,0,10,70,25,15,40,60,0,0,0,10
Olympisch Stadion e.o.,476,Olympisch Stadion e.o.,BU03634803,2345,670,540,105,25,90,60,265,1170,500,285,395,995,50,70,20,320
IJsbaanpad e.o.,477,IJsbaanpad e.o.,BU03634804,380,60,15,0,5,0,0,10,160,55,35,80,136,0,10,0,50
Oosterdokseiland,478,Oosterdokseiland,BU03630400,475,125,125,15,5,35,15,60,275,135,90,45,234,10,10,10,50
Burgwallen Oost,479,Burgwallen Oost,BU03630002,1610,540,320,15,20,35,15,240,1155,805,250,90,982,60,10,40,160
Gaasperdam Noord,480,Gaasperdam Noord,BU03639603,2015,240,1280,60,85,640,20,480,1045,565,160,325,888,160,160,60,180
Gaasperdam Zuid,481,Gaasperdam Zuid,BU03639604,1510,185,890,20,60,415,10,390,920,595,130,200,782,90,100,40,250